  Time                 , V(R5:1)              , V(V1:+)              
  0.000000000000e+00  ,-1.623169393696e-05  ,0.000000000000e+00  
  2.500000000000e-07  ,-2.584032125353e-03  ,7.853900888711e-04  
  2.658250331879e-07  ,-2.756731694570e-03  ,8.351042644155e-04  
  2.974750995636e-07  ,-3.125614155260e-03  ,9.345319839880e-04  
  3.607752323151e-07  ,-4.001241236450e-03  ,1.133384553017e-03  
  4.873754978180e-07  ,-6.306104072663e-03  ,1.531075458258e-03  
  7.405760288239e-07  ,-1.288053385731e-02  ,2.326378319733e-03  
  1.246977090836e-06  ,-3.064782941020e-02  ,3.916492130643e-03  
  2.076292276382e-06  ,-5.598350293764e-02  ,6.518239991297e-03  
  2.705621957779e-06  ,-5.985216897898e-02  ,8.489730483145e-03  
  3.506994485855e-06  ,-4.453400056299e-02  ,1.099527196847e-02  
  4.280615091324e-06  ,-1.829464033493e-02  ,1.340745179908e-02  
  4.870271921158e-06  ,-5.818213432153e-03  ,1.524078257185e-02  
  5.389070749283e-06  ,-4.453202326814e-03  ,1.684950111945e-02  
  5.951643228531e-06  ,-1.391119721243e-02  ,1.858888348790e-02  
  6.612158060074e-06  ,-3.275802334544e-02  ,2.062363692986e-02  
  7.341718912125e-06  ,-5.253816337572e-02  ,2.286073425180e-02  
  7.968855142593e-06  ,-5.609824451740e-02  ,2.477420633566e-02  
  8.692407846451e-06  ,-4.524059244156e-02  ,2.696986258044e-02  
  9.379148721695e-06  ,-2.526050247701e-02  ,2.904093985029e-02  
  1.000618958473e-05  ,-1.101367867039e-02  ,3.092019229351e-02  
  1.065831208229e-05  ,-6.899702975266e-03  ,3.286187677725e-02  
  1.133723282814e-05  ,-1.571447521513e-02  ,3.486868676005e-02  
  1.201243424416e-05  ,-3.173496003238e-02  ,3.684877262464e-02  
  1.275992417336e-05  ,-4.810791831019e-02  ,3.902147673664e-02  
  1.340174698830e-05  ,-5.005418269851e-02  ,4.086991656069e-02  
  1.412329697609e-05  ,-3.990125862688e-02  ,4.292809260286e-02  
  1.486325287819e-05  ,-2.161982158394e-02  ,4.501585246400e-02  
  1.551699662209e-05  ,-1.044473806810e-02  ,4.684016471189e-02  
  1.630587601662e-05  ,-9.470141676749e-03  ,4.901520646152e-02  
  1.706118607521e-05  ,-2.326056287100e-02  ,5.106950074651e-02  
  1.778750443459e-05  ,-3.959857952604e-02  ,5.301783791871e-02  
  1.870121979713e-05  ,-4.554348928239e-02  ,5.542953745273e-02  
  1.938385987282e-05  ,-3.663800391598e-02  ,5.720162895267e-02  
  2.015967392921e-05  ,-1.891214344273e-02  ,5.918361155095e-02  
  2.080636048317e-05  ,-8.815734729004e-03  ,6.080889410930e-02  
  2.158036255836e-05  ,-7.934537041563e-03  ,6.272109863506e-02  
  2.231068634987e-05  ,-2.008272394510e-02  ,6.449141018857e-02  
  2.307200455666e-05  ,-3.565553575816e-02  ,6.630069905402e-02  
  2.399392151833e-05  ,-4.075029064156e-02  ,6.844078887726e-02  
  2.468371415138e-05  ,-3.211709700425e-02  ,7.000458849479e-02  
  2.548909211159e-05  ,-1.506577266810e-02  ,7.178877792168e-02  
  2.608723664284e-05  ,-6.501603872389e-03  ,7.308419708976e-02  
  2.673354172707e-05  ,-5.216457577781e-03  ,7.445489889231e-02  
  2.740092301369e-05  ,-1.277793521762e-02  ,7.583808164076e-02  
  2.816014313698e-05  ,-2.521337683969e-02  ,7.737103866714e-02  
  2.899422669411e-05  ,-3.474789911961e-02  ,7.900438341266e-02  
  2.971453690529e-05  ,-3.166588861470e-02  ,8.037132223707e-02  
  3.066220307350e-05  ,-1.630733860500e-02  ,8.210691710868e-02  
  3.156218552589e-05  ,-3.197298255482e-03  ,8.368783454229e-02  
  3.200464272499e-05  ,-2.219584782908e-03  ,8.444060698097e-02  
  3.248701119423e-05  ,-5.723497704344e-03  ,8.524268850298e-02  
  3.316450142860e-05  ,-1.547091437641e-02  ,8.633612291470e-02  
  3.392334008217e-05  ,-2.672394430617e-02  ,8.751439120538e-02  
  3.480510735512e-05  ,-2.807010289236e-02  ,8.882101780233e-02  
  3.579406762123e-05  ,-1.576608133274e-02  ,9.020535327308e-02  
  3.673915886879e-05  ,-1.286182033903e-03  ,9.144693937226e-02  
  3.719806694984e-05  ,1.194351290996e-03  ,9.202080781091e-02  
  3.763246560097e-05  ,1.094950135311e-05  ,9.254640763283e-02  
  3.823871636391e-05  ,-6.655397187834e-03  ,9.325110622037e-02  
  3.900823616982e-05  ,-1.810753537505e-02  ,9.409683848460e-02  
  3.986806893349e-05  ,-2.277736387695e-02  ,9.497675568735e-02  
  4.074869179726e-05  ,-1.630481124313e-02  ,9.580611229521e-02  
  4.158124947548e-05  ,-4.977980097228e-03  ,9.652278187214e-02  
  4.224967980385e-05  ,2.031960966181e-03  ,9.705040483830e-02  
  4.287843728065e-05  ,4.117489007802e-03  ,9.750765569657e-02  
  4.354639077187e-05  ,-8.127207772296e-04  ,9.795173146083e-02  
  4.425220513344e-05  ,-9.801366606798e-03  ,9.837410728227e-02  
  4.509811425209e-05  ,-1.609974177143e-02  ,9.881658336745e-02  
  4.589824700356e-05  ,-1.206939032765e-02  ,9.917089846387e-02  
  4.674482369423e-05  ,-2.029419602965e-03  ,9.947755538121e-02  
  4.737968468666e-05  ,4.805660523367e-03  ,9.966136519330e-02  
  4.802560830116e-05  ,8.199068643320e-03  ,9.980769209516e-02  
  4.893455529213e-05  ,3.131378391289e-03  ,9.994398671609e-02  
  4.952020668983e-05  ,-2.749578156700e-03  ,9.998864022045e-02  
  5.013971352577e-05  ,-8.261289484383e-03  ,9.999903673461e-02  
  5.078096413612e-05  ,-8.839301426259e-03  ,9.996990390528e-02  
  5.150871300697e-05  ,-3.232217899371e-03  ,9.988769432242e-02  
  5.220556282997e-05  ,4.612776688024e-03  ,9.976004220962e-02  
  5.284576439857e-05  ,1.097821912318e-02  ,9.960062732605e-02  
  5.357208275795e-05  ,1.215976464922e-02  ,9.937099086034e-02  
  5.443544411659e-05  ,6.255224508573e-03  ,9.903073808560e-02  
  5.501918816566e-05  ,1.088537262871e-03  ,9.875938602594e-02  
  5.555639290810e-05  ,-2.086124525532e-03  ,9.848031846467e-02  
  5.606937432289e-05  ,-2.547580584868e-03  ,9.818765282777e-02  
  5.671892189980e-05  ,1.669747721696e-03  ,9.778049653188e-02  
  5.750045800209e-05  ,1.020279303709e-02  ,9.723665613544e-02  
  5.843353295326e-05  ,1.659768546855e-02  ,9.651063148079e-02  
  5.936117196083e-05  ,1.365234546366e-02  ,9.570663510926e-02  
  6.039285683632e-05  ,6.701378641922e-03  ,9.471703038148e-02  
  6.117286705971e-05  ,3.965836533631e-03  ,9.390272924316e-02  
  6.204204583168e-05  ,6.167063898120e-03  ,9.292894159467e-02  
  6.309051537514e-05  ,1.504033192404e-02  ,9.166215772124e-02  
  6.420745873451e-05  ,2.059984992255e-02  ,9.020328345033e-02  
  6.536731743813e-05  ,1.585569922765e-02  ,8.857084398812e-02  
  6.657066369057e-05  ,9.076074329274e-03  ,8.675294738704e-02  
  6.756858849525e-05  ,1.090011388590e-02  ,8.515123209838e-02  
  6.858673119545e-05  ,1.825142518456e-02  ,8.343083157076e-02  
  6.985664391518e-05  ,2.391062134432e-02  ,8.116559682129e-02  
  7.118072533607e-05  ,2.165642936140e-02  ,7.866624213727e-02  
  7.251167321205e-05  ,1.709415534161e-02  ,7.601677457854e-02  
  7.395496392250e-05  ,1.750008959791e-02  ,7.299364290162e-02  
  7.537937188148e-05  ,2.345244581127e-02  ,6.986292360366e-02  
  7.689342522621e-05  ,2.661249564654e-02  ,6.638196347816e-02  
  7.892818474770e-05  ,2.409307917064e-02  ,6.146881946933e-02  
  8.055095696449e-05  ,2.341993428452e-02  ,5.736947724409e-02  
  8.265056633949e-05  ,2.644980249305e-02  ,5.184595920586e-02  
  8.492717766762e-05  ,2.946676119093e-02  ,4.560277377183e-02  
  8.673000359535e-05  ,2.898016603682e-02  ,4.049180770262e-02  
  8.905429863930e-05  ,2.896215727632e-02  ,3.371324341854e-02  
  9.171695733070e-05  ,3.032368515201e-02  ,2.572926296368e-02  
  9.649143242836e-05  ,3.157210708005e-02  ,1.100018398558e-02  
  1.015039446354e-04  ,3.153199040326e-02  ,-4.723023715172e-03  
  1.070726397038e-04  ,3.095061340268e-02  ,-2.203697560464e-02  
  1.182100298405e-04  ,2.675122767381e-02  ,-5.413862041488e-02  
  1.404848101139e-04  ,1.050741407907e-02  ,-9.556525886542e-02  
  1.654848101139e-04  ,-1.613361436698e-02  ,-8.839888275937e-02  
  1.904848101139e-04  ,-3.395200407029e-02  ,-2.944964003151e-02  
  2.154848101139e-04  ,-3.398829061104e-02  ,4.675080241980e-02  
  2.393190386295e-04  ,-6.255523855281e-03  ,9.442285871319e-02  
  2.551301958561e-04  ,4.238623132813e-03  ,9.870402284961e-02  
  2.697801592350e-04  ,1.927587244491e-02  ,8.130572068426e-02  
  2.875566484928e-04  ,3.115297000861e-02  ,3.810386312490e-02  
  3.076372148991e-04  ,3.425703423489e-02  ,-2.376348091750e-02  
  3.305101397038e-04  ,1.663813947036e-02  ,-8.183328427931e-02  
  3.473344805241e-04  ,4.294041293130e-03  ,-9.964958743568e-02  
  3.648210527897e-04  ,-1.591315283846e-02  ,-8.935446711986e-02  
  3.855089190006e-04  ,-3.068952223202e-02  ,-4.396875264582e-02  
  4.049669268131e-04  ,-3.479833814602e-02  ,1.554081480941e-02  
  4.299669268131e-04  ,-1.761085905801e-02  ,8.084058343290e-02  
  4.483415606022e-04  ,-3.697313404005e-03  ,9.986430285295e-02  
  4.678361895084e-04  ,1.903804437645e-02  ,8.470742359030e-02  
  4.882524492741e-04  ,3.205362285532e-02  ,3.607390623777e-02  
  5.089036943913e-04  ,3.436191128348e-02  ,-2.760844362669e-02  
  5.314958574772e-04  ,2.166030772480e-02  ,-8.357359038064e-02  
  5.564958574772e-04  ,-1.003656341695e-02  ,-9.792491933097e-02  
  5.732133867741e-04  ,-2.192149564470e-02  ,-7.456609829062e-02  
  5.918992998600e-04  ,-3.092053414453e-02  ,-2.517528358340e-02  
  6.168992998600e-04  ,-2.980993507517e-02  ,5.063158396573e-02  
  6.396043779850e-04  ,-1.429970058522e-02  ,9.471424381248e-02  
  6.646043779850e-04  ,1.813742105592e-02  ,8.965801320215e-02  
  6.818193438053e-04  ,2.831859207945e-02  ,5.406101072173e-02  
  7.023057940006e-04  ,3.489971273100e-02  ,-7.237531961530e-03  
  7.273057940006e-04  ,2.601022329534e-02  ,-7.564294501162e-02  
  7.523057940006e-04  ,8.450102751656e-04  ,-9.973774677175e-02  
  7.773057940006e-04  ,-2.822566488294e-02  ,-6.540752915352e-02  
  7.974016191959e-04  ,-3.512215448756e-02  ,-8.153991252136e-03  
  8.224016191959e-04  ,-2.329491484444e-02  ,6.470947450701e-02  
  8.474016191959e-04  ,-6.446399042991e-03  ,9.966700771399e-02  
  8.703905107975e-04  ,2.317538257058e-02  ,8.017451919536e-02  
  8.870225908756e-04  ,3.110231284111e-02  ,3.964964480153e-02  
  9.073503496647e-04  ,3.424318103505e-02  ,-2.288712969817e-02  
  9.306444170475e-04  ,2.260967509473e-02  ,-8.207500841163e-02  
  9.556444170475e-04  ,-3.160840826835e-03  ,-9.843191484128e-02  
  9.806444170475e-04  ,-2.981543295333e-02  ,-5.712874052725e-02  
  1.002183723688e-03  ,-3.585818812159e-02  ,6.854990210021e-03  
  1.027183723688e-03  ,-1.913187950142e-02  ,7.539155465940e-02  
  1.045338630915e-03  ,-6.903558555272e-03  ,9.892966316308e-02  
  1.065114021540e-03  ,1.678085153626e-02  ,8.893745753684e-02  
  1.084337044001e-03  ,2.992086445905e-02  ,4.724480245448e-02  
  1.103636360407e-03  ,3.472375253731e-02  ,-1.139913090945e-02  
  1.128636360407e-03  ,1.890424430379e-02  ,-7.831017078849e-02  
  1.148112678766e-03  ,4.158908687082e-03  ,-9.982427475128e-02  
  1.168681526423e-03  ,-2.011683750819e-02  ,-8.326628085232e-02  
  1.189427376032e-03  ,-3.269761862246e-02  ,-3.260751135935e-02  
  1.210414314508e-03  ,-3.411541314769e-02  ,3.213694908058e-02  
  1.232499885798e-03  ,-1.420063631066e-02  ,8.526382897401e-02  
  1.248478889704e-03  ,-2.881042673508e-03  ,9.988584143163e-02  
  1.263296699762e-03  ,1.409018795417e-02  ,9.140129566165e-02  
  1.280194282770e-03  ,2.702151083583e-02  ,5.828364399522e-02  
  1.298105049372e-03  ,3.413852365933e-02  ,5.949647246019e-03  
  1.323105049372e-03  ,2.379447288994e-02  ,-6.637837935657e-02  
  1.347909736872e-03  ,3.182748745176e-03  ,-9.978446609425e-02  
  1.372909736872e-03  ,-2.272891666258e-02  ,-7.519833331540e-02  
  1.397909736872e-03  ,-3.631294058392e-02  ,-6.562036748237e-03  
  1.422909736872e-03  ,-2.983349252651e-02  ,6.591821194925e-02  
  1.447909736872e-03  ,2.504594781462e-03  ,9.978446609425e-02  
  1.463672065973e-03  ,1.308551126143e-02  ,9.091654846623e-02  
  1.478448677301e-03  ,2.499006835544e-02  ,6.265001701451e-02  
  1.501141548395e-03  ,3.530586912496e-02  ,-3.585511358064e-03  
  1.526141548395e-03  ,2.718872540978e-02  ,-7.320055045528e-02  
  1.551141548395e-03  ,-5.632302582917e-03  ,-9.993569986897e-02  
  1.566821480036e-03  ,-1.619476840582e-02  ,-8.635833679091e-02  
  1.581712532282e-03  ,-2.671306726842e-02  ,-5.434300205597e-02  
  1.606712532282e-03  ,-3.556051999600e-02  ,2.093208979344e-02  
  1.631712532282e-03  ,-2.284873433288e-02  ,8.394544733066e-02  
  1.656712532282e-03  ,1.155002016954e-02  ,9.778470032106e-02  
  1.674391365290e-03  ,2.291972970682e-02  ,7.204971639292e-02  
  1.691490364313e-03  ,3.035994695672e-02  ,2.641650229350e-02  
  1.713719368219e-03  ,3.294926210240e-02  ,-4.177856142393e-02  
  1.735560798883e-03  ,1.781573696853e-02  ,-8.988662443553e-02  
  1.760560798883e-03  ,-1.396092409308e-02  ,-9.454649338819e-02  
  1.778297615290e-03  ,-2.596696493063e-02  ,-6.301920421434e-02  
  1.798784065485e-03  ,-3.184265810833e-02  ,-3.819041979082e-03  
  1.823784065485e-03  ,-2.567525799833e-02  ,6.795862277086e-02  
  1.848784065485e-03  ,-4.912478889114e-03  ,9.992704798183e-02  
  1.873784065485e-03  ,2.225155864321e-02  ,7.335956373295e-02  
  1.898784065485e-03  ,3.336796168142e-02  ,3.819041979081e-03  
  1.923768806696e-03  ,2.407395322218e-02  ,-6.792344866351e-02  
  1.948768806696e-03  ,1.640320668319e-03  ,-9.992520577023e-02  
  1.973768806696e-03  ,-2.230514774042e-02  ,-7.339213255966e-02  
  1.998768806696e-03  ,-3.642025630595e-02  ,-3.866943467135e-03  
  2.023768806696e-03  ,-2.120176235015e-02  ,6.792344866351e-02  
  2.034805488825e-03  ,-1.588934833742e-02  ,8.882156839600e-02  
  2.050607490778e-03  ,-2.455267004398e-04  ,9.998178890975e-02  
  2.065973091364e-03  ,1.539869079234e-02  ,8.767136220346e-02  
  2.082419014215e-03  ,2.829143172250e-02  ,5.246661954237e-02  
  2.107419014215e-03  ,3.215541254415e-02  ,-2.309706651510e-02  
  2.132342720270e-03  ,1.757652626552e-02  ,-8.500480549334e-02  
  2.157342720270e-03  ,-7.600747159163e-03  ,-9.735115200244e-02  
  2.182342720270e-03  ,-2.811794093563e-02  ,-5.267051398116e-02  
  2.207342720270e-03  ,-3.234693729685e-02  ,2.286379679313e-02  
  2.232342720270e-03  ,-2.224680583513e-02  ,8.500480549334e-02  
  2.257342720270e-03  ,1.211986541655e-02  ,9.735115200244e-02  
  2.272976875544e-03  ,2.171019356636e-02  ,7.505912989926e-02  
  2.289624214411e-03  ,2.988111732785e-02  ,3.202230421423e-02  
  2.310894966364e-03  ,3.364659782850e-02  ,-3.356314302015e-02  
  2.331921577692e-03  ,2.086900553063e-02  ,-8.430052428139e-02  
  2.356921577692e-03  ,-1.006455736319e-02  ,-9.764512411241e-02  
  2.374414253473e-03  ,-2.292743528776e-02  ,-7.199983443955e-02  
  2.393966865778e-03  ,-3.144167650246e-02  ,-1.884037172170e-02  
  2.418966865778e-03  ,-2.861504767893e-02  ,5.612221303389e-02  
  2.442660713434e-03  ,-1.135897090694e-02  ,9.735361782247e-02  
  2.467660713434e-03  ,2.103929464272e-02  ,8.499912327218e-02  
  2.485070991755e-03  ,3.025382591116e-02  ,4.520021856121e-02  
  2.506219673395e-03  ,3.083592056062e-02  ,-1.941558018259e-02  
  2.531219673395e-03  ,2.273841769919e-02  ,-8.309399219266e-02  
  2.556219673395e-03  ,-1.054376131382e-02  ,-9.809707052799e-02  
  2.572448921442e-03  ,-2.130719063763e-02  ,-7.614471425710e-02  
  2.589084053278e-03  ,-2.977142448970e-02  ,-3.362522414743e-02  
  2.610089302301e-03  ,-3.384174109911e-02  ,3.116839776380e-02  
  2.631292915583e-03  ,-2.148847404115e-02  ,8.322178943878e-02  
  2.656292915583e-03  ,9.428353830359e-03  ,9.805213619113e-02  
  2.673556709528e-03  ,2.217738121291e-02  ,7.384308945803e-02  
  2.692740059137e-03  ,3.115789808223e-02  ,2.261054915760e-02  
  2.717740059137e-03  ,2.926320130198e-02  ,-5.289139842352e-02  
  2.740878486872e-03  ,1.306521287424e-02  ,-9.592216572342e-02  
  2.765878486872e-03  ,-1.941032775475e-02  ,-8.781393597819e-02  
  2.783160591364e-03  ,-2.918407142466e-02  ,-5.046924033917e-02  
  2.803909492731e-03  ,-3.131030703429e-02  ,1.225117818302e-02  
  2.828909492731e-03  ,-2.472462013307e-02  ,7.884090992707e-02  
  2.853909492731e-03  ,8.141666475779e-03  ,9.924670590568e-02  
  2.870251655817e-03  ,1.934707809739e-02  ,8.043447285827e-02  
  2.886084175348e-03  ,2.865438195850e-02  ,4.233850388125e-02  
  2.907693672419e-03  ,3.449520415780e-02  ,-2.393572923637e-02  
  2.931033516169e-03  ,2.243418360925e-02  ,-8.276719565885e-02  
  2.956033516169e-03  ,-9.933704463631e-03  ,-9.820894046806e-02  
  2.971991157770e-03  ,-2.087311937132e-02  ,-7.706902810429e-02  
  2.989792061090e-03  ,-3.026197817982e-02  ,-3.152232222159e-02  
  3.011377144098e-03  ,-3.372409577085e-02  ,3.498617502321e-02  
  3.032562446833e-03  ,-2.040214562370e-02  ,8.536635736970e-02  
  3.057562446833e-03  ,1.074894318320e-02  ,9.719100705080e-02  
  3.075091743708e-03  ,2.344981085904e-02  ,7.050658142203e-02  
  3.094815254450e-03  ,3.153331505734e-02  ,1.621642943920e-02  
  3.119815254450e-03  ,2.810988898564e-02  ,-5.830798823410e-02  
  3.143847847223e-03  ,1.013456668747e-02  ,-9.813803457021e-02  
  3.168847847223e-03  ,-1.754777762349e-02  ,-8.297578852902e-02  
  3.193847847223e-03  ,-3.348655178380e-02  ,-1.920745091614e-02  
  3.218847847223e-03  ,-2.661552625141e-02  ,5.581235094481e-02  
  3.243847847223e-03  ,-7.385870699350e-03  ,9.813803457021e-02  
  3.268847847223e-03  ,1.748569766088e-02  ,8.297578852903e-02  
  3.293847847223e-03  ,3.346666535723e-02  ,1.920745091614e-02  
  3.318847847223e-03  ,2.658769636943e-02  ,-5.581235094481e-02  
  3.343847847223e-03  ,7.331642053253e-03  ,-9.813803457021e-02  
  3.368847847223e-03  ,-1.935074285038e-02  ,-8.297578852903e-02  
  3.393847847223e-03  ,-3.171513875823e-02  ,-1.920745091614e-02  
  3.418597603083e-03  ,-2.840767009102e-02  ,5.515830618080e-02  
  3.443570137262e-03  ,-1.077415829387e-02  ,9.796672601716e-02  
  3.468570137262e-03  ,1.719151643452e-02  ,8.345956016423e-02  
  3.493570137262e-03  ,3.348078604998e-02  ,2.006291587679e-02  
  3.518570137262e-03  ,2.665893040420e-02  ,-5.508631243052e-02  
  3.543484688044e-03  ,7.794020677695e-03  ,-9.791251486719e-02  
  3.568484688044e-03  ,-1.715168727009e-02  ,-8.360713662065e-02  
  3.593484688044e-03  ,-3.347416921917e-02  ,-2.032583165291e-02  
  3.618484688044e-03  ,-2.677960654230e-02  ,5.486206983059e-02  
  3.643408394098e-03  ,-7.848226192570e-03  ,9.786351579925e-02  
  3.668408394098e-03  ,1.896947264684e-02  ,8.373839221569e-02  
  3.693408394098e-03  ,3.156045530827e-02  ,2.056045416349e-02  
  3.717907905817e-03  ,2.872449413918e-02  ,-5.333817258626e-02  
  3.742712593317e-03  ,1.160209604346e-02  ,-9.739073604751e-02  
  3.767712593317e-03  ,-1.635267679531e-02  ,-8.491315018965e-02  
  3.792712593317e-03  ,-3.343633450370e-02  ,-2.269459257452e-02  
  3.817712593317e-03  ,-2.706055632285e-02  ,5.281814957824e-02  
  3.842349434137e-03  ,-9.040271647661e-03  ,9.712548110627e-02  
  3.867349434137e-03  ,1.596080773550e-02  ,8.551021214568e-02  
  3.892349434137e-03  ,3.333289286480e-02  ,2.380422063156e-02  
  3.917349434137e-03  ,2.722706214434e-02  ,-5.184596048681e-02  
  3.941882515192e-03  ,9.440308722079e-03  ,-9.676586778252e-02  
  3.966882515192e-03  ,-1.771893678147e-02  ,-8.626149778862e-02  
  3.991882515192e-03  ,-3.116548485701e-02  ,-2.522631230076e-02  
  4.015768623590e-03  ,-2.976583593866e-02  ,4.753712136681e-02  
  4.039941597223e-03  ,-1.433865942713e-02  ,9.504879384117e-02  
  4.064941597223e-03  ,1.343910988997e-02  ,8.918379954586e-02  
  4.089941597223e-03  ,3.297792985207e-02  ,3.107614502055e-02  
  4.114941597223e-03  ,2.809720688906e-02  ,-4.523549379153e-02  
  4.138534736872e-03  ,1.293105432196e-02  ,-9.358292176549e-02  
  4.163534736872e-03  ,-1.198331761273e-02  ,-9.109536521023e-02  
  4.188534736872e-03  ,-3.266755133877e-02  ,-3.524537918414e-02  
  4.213534736872e-03  ,-2.863740173422e-02  ,4.125087195703e-02  
  4.236551094294e-03  ,-1.485118101663e-02  ,9.120626545830e-02  
  4.261551094294e-03  ,1.280411973587e-02  ,9.348754371164e-02  
  4.283700752497e-03  ,2.996030833711e-02  ,4.899705435389e-02  
  4.308487129450e-03  ,3.583625289853e-02  ,-2.634830190097e-02  
  4.333487129450e-03  ,1.271125128119e-02  ,-8.684311095509e-02  
  4.350625801325e-03  ,8.855227368780e-04  ,-9.998067458996e-02  
  4.366702461481e-03  ,-1.742391914672e-02  ,-8.654625927017e-02  
  4.385656929255e-03  ,-3.050561771021e-02  ,-4.355064953608e-02  
  4.404376411676e-03  ,-3.453265657430e-02  ,1.370562724278e-02  
  4.429376411676e-03  ,-2.410350619080e-02  ,7.973474201647e-02  
  4.454376411676e-03  ,8.419533632457e-03  ,9.905632630924e-02  
  4.470303535700e-03  ,1.937012163623e-02  ,8.033752615345e-02  
  4.487167549372e-03  ,2.926164842760e-02  ,3.923116088856e-02  
  4.508658027887e-03  ,3.434728434567e-02  ,-2.686584129626e-02  
  4.531146431208e-03  ,2.204054179203e-02  ,-8.296575500820e-02  
  4.556146431208e-03  ,-9.759571405970e-03  ,-9.814148549325e-02  
  4.572610664606e-03  ,-2.140445701919e-02  ,-7.581434833480e-02  
  4.590951729059e-03  ,-3.065771582196e-02  ,-2.804470473270e-02  
  4.613177681208e-03  ,-3.332314937027e-02  ,4.022646011533e-02  
  4.634945869684e-03  ,-1.841766439998e-02  ,8.902332008458e-02  
  4.659945869684e-03  ,1.331734466007e-02  ,9.515806409630e-02  
  4.677615547419e-03  ,2.542522437140e-02  ,6.466834796027e-02  
  4.697931099176e-03  ,3.179034505544e-02  ,6.495068264440e-03  
  4.722931099176e-03  ,2.621035601900e-02  ,-6.596866395013e-02  
  4.747931099176e-03  ,5.852563860060e-03  ,-9.978884751434e-02  
  4.772931099176e-03  ,-2.149253492219e-02  ,-7.515407757824e-02  
  4.797931099176e-03  ,-3.348132356031e-02  ,-6.495068264441e-03  
  4.822931099176e-03  ,-2.456892641003e-02  ,6.596866395012e-02  
  4.847931099176e-03  ,-2.658894393737e-03  ,9.978884751434e-02  
  4.872931099176e-03  ,2.149225613388e-02  ,7.515407757824e-02  
  4.897931099176e-03  ,3.624640995500e-02  ,6.495068264442e-03  
  4.922931099176e-03  ,2.184578923426e-02  ,-6.596866395012e-02  
  4.934243965387e-03  ,1.642991621092e-02  ,-8.799732578018e-02  
  4.950616646051e-03  ,2.693617432716e-04  ,-9.998123588538e-02  
  4.966629219294e-03  ,-1.603677391693e-02  ,-8.666130263113e-02  
  4.983673286676e-03  ,-2.913110634990e-02  ,-4.907225534058e-02  
  5.008673286676e-03  ,-3.172533848246e-02  ,2.691201273186e-02  
  5.032565498590e-03  ,-1.732676753473e-02  ,8.537135032286e-02  
  5.057565498590e-03  ,7.706454592553e-03  ,9.718875018998e-02  
  5.082565498590e-03  ,2.939053720640e-02  ,5.207429830589e-02  
  5.107565498590e-03  ,3.635571647963e-02  ,-2.354457127472e-02  
  5.132565498590e-03  ,1.325981065734e-02  ,-8.537135032286e-02  
  5.149484443903e-03  ,2.081305988858e-03  ,-9.998688367679e-02  
  5.165298652887e-03  ,-1.620644366712e-02  ,-8.867078226762e-02  
  5.182617378473e-03  ,-2.863457506761e-02  ,-5.193508631482e-02  
  5.200567817926e-03  ,-3.436676258861e-02  ,1.783758020126e-03  
  5.225567817926e-03  ,-2.191918370418e-02  ,7.196073527983e-02  
  5.250567817926e-03  ,-6.039336014283e-04  ,9.998408977095e-02  
  5.274518013239e-03  ,2.397141520767e-02  ,7.177323639419e-02  
  5.299518013239e-03  ,3.646490112272e-02  ,1.514148205110e-03  
  5.324518013239e-03  ,2.867792116383e-02  ,-6.963190746708e-02  
  5.349518013239e-03  ,-4.222196099030e-03  ,-9.998853611896e-02  
  5.365185737848e-03  ,-1.461943687127e-02  ,-8.883422784170e-02  
  5.379876899958e-03  ,-2.576339114144e-02  ,-5.909095619831e-02  
  5.403238106012e-03  ,-3.546720290343e-02  ,1.015527340171e-02  
  5.428238106012e-03  ,-2.564121583848e-02  ,7.752597773481e-02  
  5.453238106012e-03  ,7.844016154109e-03  ,9.948301574709e-02  
  5.470083809137e-03  ,1.917552607122e-02  ,8.074665876550e-02  
  5.485956001520e-03  ,2.863334093858e-02  ,4.270295843325e-02  
  5.507629585505e-03  ,3.453322044053e-02  ,-2.374019837188e-02  
  5.531082344294e-03  ,2.243535858126e-02  ,-8.285318711858e-02  
  5.556082344294e-03  ,-1.002611263314e-02  ,-9.817992235589e-02  
  5.571991157770e-03  ,-2.087345686439e-02  ,-7.706902810431e-02  
  5.589752388239e-03  ,-3.024195249921e-02  ,-3.164057940157e-02  
  5.611310005426e-03  ,-3.373454399517e-02  ,3.478850499755e-02  
  5.632504463434e-03  ,-2.045483106536e-02  ,8.527134222464e-02  
  5.657504463434e-03  ,1.069128387245e-02  ,9.723371764473e-02  
  5.675018501520e-03  ,2.339011984329e-02  ,7.066956613234e-02  
  5.694714546442e-03  ,3.151782051042e-02  ,1.652854356926e-02  
  5.719714546442e-03  ,2.816903641654e-02  ,-5.805066215908e-02  
  5.743707466364e-03  ,1.027655165264e-02  ,-9.805237186342e-02  
  5.768707466364e-03  ,-1.740746176044e-02  ,-8.322112413843e-02  
  5.793707466364e-03  ,-3.347610805997e-02  ,-1.964007056908e-02  
  5.818707466364e-03  ,-2.667909935267e-02  ,5.544586997367e-02  
  5.843680000544e-03  ,-7.569762189054e-03  ,9.803538865018e-02  
  5.868680000544e-03  ,1.731587022882e-02  ,8.326893540785e-02  
  5.893680000544e-03  ,3.345620502855e-02  ,1.972466912797e-02  
  5.918680000544e-03  ,2.666149049774e-02  ,-5.537404081376e-02  
  5.943661689997e-03  ,7.541020126920e-03  ,-9.802402595684e-02  
  5.968661689997e-03  ,-1.920721093807e-02  ,-8.330077514710e-02  
  5.993661689997e-03  ,-3.166071710700e-02  ,-1.978106001239e-02  
  6.000000000000e-03  ,-3.073276114331e-02  ,6.862973920318e-16  
